<?xml version="1.0" encoding="UTF-8"?>
<metadata xmlns="http://www.demandware.com/xml/impex/metadata/2006-10-31">
    <type-extension type-id="SitePreferences">
        <custom-attribute-definitions>
            <attribute-definition attribute-id="yotpoExportGroupIdInOrder">
                <display-name xml:lang="x-default">Yotpo Export Group Id In Order</display-name>
                <description xml:lang="x-default">This yotpo site preference is used to make the logic configurable that whether the master product will be exported in JSON or not.</description>
                <type>boolean</type>
                <mandatory-flag>false</mandatory-flag>
                <externally-managed-flag>false</externally-managed-flag>
                <default-value>true</default-value>
            </attribute-definition>
            <attribute-definition attribute-id="yotpoProductInformationFromMaster">
                <display-name xml:lang="x-default">Yotpo Product Information From Master</display-name>
                <description xml:lang="x-default">This yotpo site preference is used to make production information configurable whether the information will be exported from master or from variants,</description>
                <type>boolean</type>
                <mandatory-flag>false</mandatory-flag>
                <externally-managed-flag>false</externally-managed-flag>
                <default-value>true</default-value>
            </attribute-definition>
            <attribute-definition attribute-id="yotpoCartridgeEnabled">
                <display-name xml:lang="x-default">Yotpo Cartridge Enabled</display-name>
                <description xml:lang="x-default">This enable/disable Yotpo cartridge.</description>
                <type>boolean</type>
                <mandatory-flag>false</mandatory-flag>
                <externally-managed-flag>false</externally-managed-flag>
                <default-value>true</default-value>
            </attribute-definition>
            <attribute-definition attribute-id="yotpoConversionTrackingPixelURL">
                <display-name xml:lang="x-default">Yotpo Conversion Tracking Pixel URL</display-name>
                <description xml:lang="x-default">This is the URL of the conversion tracking pixel.</description>
                <type>string</type>
                <mandatory-flag>false</mandatory-flag>
                <externally-managed-flag>false</externally-managed-flag>
                <min-length>0</min-length>
                <default-value>https://api.yotpo.com/conversion_tracking.gif</default-value>
            </attribute-definition>
            <attribute-definition attribute-id="yotpoDebugLogEnabled">
                <display-name xml:lang="x-default">Yotpo Debug Log Enabled</display-name>
                <description xml:lang="x-default">The flag controls the debug log level in whole Yotpo cartridge</description>
                <type>boolean</type>
                <mandatory-flag>false</mandatory-flag>
                <externally-managed-flag>false</externally-managed-flag>
                <default-value>false</default-value>
            </attribute-definition>
            <attribute-definition attribute-id="yotpoInfoLogEnabled">
                <display-name xml:lang="x-default">Yotpo Info Log Enabled</display-name>
                <description xml:lang="x-default">This preference is used to control info level log messages in Yotpo cartridge.</description>
                <type>boolean</type>
                <mandatory-flag>false</mandatory-flag>
                <externally-managed-flag>false</externally-managed-flag>
                <default-value>true</default-value>
            </attribute-definition>
            <attribute-definition attribute-id="yotpoOrdersBatchSize">
                <display-name xml:lang="x-default">Yotpo Orders Batch Size</display-name>
                <description xml:lang="x-default">This attributes contains batch size for number of orders that should be processed at one time, while exporting purchase feed.</description>
                <type>int</type>
                <mandatory-flag>false</mandatory-flag>
                <externally-managed-flag>false</externally-managed-flag>
                <default-value>100</default-value>
            </attribute-definition>
            <attribute-definition attribute-id="yotpoStaticContentURL">
                <display-name xml:lang="x-default">Yotpo Static Content URL</display-name>
                <description xml:lang="x-default">This is the base URL to load static content from Yotpo</description>
                <type>string</type>
                <mandatory-flag>false</mandatory-flag>
                <externally-managed-flag>false</externally-managed-flag>
                <min-length>0</min-length>
                <default-value>https://staticw2.yotpo.com/</default-value>
            </attribute-definition>
        </custom-attribute-definitions>
        <group-definitions>
            <attribute-group group-id="Yotpo Configs">
                <display-name xml:lang="x-default">Yotpo Configurations</display-name>
                <attribute attribute-id="yotpoCartridgeEnabled"/>
                <attribute attribute-id="yotpoStaticContentURL"/>
                <attribute attribute-id="yotpoConversionTrackingPixelURL"/>
                <attribute attribute-id="yotpoProductInformationFromMaster"/>
                <attribute attribute-id="yotpoExportGroupIdInOrder"/>
                <attribute attribute-id="yotpoOrdersBatchSize"/>
                <attribute attribute-id="yotpoInfoLogEnabled"/>
                <attribute attribute-id="yotpoDebugLogEnabled"/>
            </attribute-group>
        </group-definitions>
    </type-extension>
</metadata>
