<?xml version="1.0" encoding="UTF-8"?>
<metadata xmlns="http://www.demandware.com/xml/impex/metadata/2006-10-31">
    <custom-type type-id="yotpoConfiguration">
        <display-name xml:lang="x-default">Yotpo Configuration</display-name>
        <description xml:lang="x-default">The configuration object that holds mandatory parameters for Yotpo.</description>
        <staging-mode>no-staging</staging-mode>
        <storage-scope>site</storage-scope>
        <key-definition attribute-id="localeID">
            <display-name xml:lang="x-default">Locale ID</display-name>
            <description xml:lang="x-default">The locale ID which represents the specific language, which maps with a specific account on Yotpo.</description>
            <type>string</type>
            <min-length>0</min-length>
        </key-definition>
        <attribute-definitions>
            <attribute-definition attribute-id="appKey">
                <display-name xml:lang="x-default">App Key</display-name>
                <description xml:lang="x-default">This is the App Key for a specific account on Yotpo</description>
                <type>string</type>
                <localizable-flag>false</localizable-flag>
                <mandatory-flag>false</mandatory-flag>
                <externally-managed-flag>false</externally-managed-flag>
                <min-length>0</min-length>
            </attribute-definition>
            <attribute-definition attribute-id="clientSecretKey">
                <display-name xml:lang="x-default">Client Secret Key</display-name>
                <description xml:lang="x-default">This is the Client Secret Key for a specific account on Yotpo</description>
                <type>string</type>
                <localizable-flag>false</localizable-flag>
                <mandatory-flag>false</mandatory-flag>
                <externally-managed-flag>false</externally-managed-flag>
                <min-length>0</min-length>
            </attribute-definition>
            <attribute-definition attribute-id="enableRatings">
                <display-name xml:lang="x-default">Enable Ratings</display-name>
                <description xml:lang="x-default">This flag indicates whether the ratings are enabled for the specific Locale.</description>
                <type>boolean</type>
                <mandatory-flag>false</mandatory-flag>
                <externally-managed-flag>false</externally-managed-flag>
            </attribute-definition>
            <attribute-definition attribute-id="enablePurchaseFeed">
                <display-name xml:lang="x-default">Enable Purchase Feed</display-name>
                <description xml:lang="x-default">This flag indicates whether the purchase feed is enabled for the specific Locale.</description>
                <type>boolean</type>
                <mandatory-flag>false</mandatory-flag>
                <externally-managed-flag>false</externally-managed-flag>
            </attribute-definition>
            <attribute-definition attribute-id="enableReviews">
                <display-name xml:lang="x-default">Enable Reviews</display-name>
                <description xml:lang="x-default">This flag indicates whether the reviews are enabled for the specific Locale.</description>
                <type>boolean</type>
                <mandatory-flag>false</mandatory-flag>
                <externally-managed-flag>false</externally-managed-flag>
            </attribute-definition>
            <attribute-definition attribute-id="utokenAuthCode">
                <display-name xml:lang="x-default">utoken Authentication Code</display-name>
                <description xml:lang="x-default">This token is retrieved from Yotpo Authentication call response. It remains valid for few hours before it expires. It is updated by the Yotpo authentication process once it expires.</description>
                <type>string</type>
                <localizable-flag>false</localizable-flag>
                <mandatory-flag>false</mandatory-flag>
                <externally-managed-flag>false</externally-managed-flag>
                <min-length>0</min-length>
            </attribute-definition>
            <attribute-definition attribute-id="yotpoLoyaltyAPIKey">
                <display-name xml:lang="x-default">Yotpo Loyalty API Key</display-name>
                <description xml:lang="x-default">This is the API Key for a specific account on Yotpo Loyalty</description>
                <type>string</type>
                <localizable-flag>false</localizable-flag>
                <mandatory-flag>false</mandatory-flag>
                <externally-managed-flag>false</externally-managed-flag>
                <min-length>0</min-length>
            </attribute-definition>
            <attribute-definition attribute-id="yotpoLoyaltyGUID">
                <display-name xml:lang="x-default">Yotpo Loyalty GUID</display-name>
                <description xml:lang="x-default">This is the GUID for a specific account on Yotpo Loyalty</description>
                <type>string</type>
                <localizable-flag>false</localizable-flag>
                <mandatory-flag>false</mandatory-flag>
                <externally-managed-flag>false</externally-managed-flag>
                <min-length>0</min-length>
            </attribute-definition>
        </attribute-definitions>
        <group-definitions>
            <attribute-group group-id="yotpoConfigurationAttributes">
                <display-name xml:lang="x-default">Yotpo Configuration Attributes</display-name>
                <description xml:lang="x-default">This is default group to combine Yotpo Configuration attributes</description>
                <attribute attribute-id="localeID"/>
                <attribute attribute-id="appKey"/>
                <attribute attribute-id="clientSecretKey"/>
                <attribute attribute-id="utokenAuthCode"/>
                <attribute attribute-id="enableReviews"/>
                <attribute attribute-id="enableRatings"/>
                <attribute attribute-id="enablePurchaseFeed"/>
            </attribute-group>
            <attribute-group group-id="YotpoLoyalty">
                <display-name xml:lang="x-default">Yotpo Loyalty</display-name>
                <attribute attribute-id="yotpoLoyaltyGUID"/>
                <attribute attribute-id="yotpoLoyaltyAPIKey"/>
            </attribute-group>
        </group-definitions>
    </custom-type>

    <custom-type type-id="yotpoJobsConfiguration">
        <display-name xml:lang="x-default">Yotpo Jobs Configuration</display-name>
        <description xml:lang="x-default">This saves configuration related to Yotpo Jobs</description>
        <staging-mode>no-staging</staging-mode>
        <storage-scope>site</storage-scope>
        <key-definition attribute-id="id">
            <display-name xml:lang="x-default">ID</display-name>
            <description xml:lang="x-default">The unique ID for Yotpo Configuration Job</description>
            <type>string</type>
            <min-length>0</min-length>
        </key-definition>
        <attribute-definitions>
            <attribute-definition attribute-id="orderFeedJobLastExecutionDateTime">
                <display-name xml:lang="x-default">Order Feed Job Last Execution Date Time</display-name>
                <description xml:lang="x-default">This attribute stores the order feed job last execution date time.</description>
                <type>datetime</type>
                <localizable-flag>false</localizable-flag>
                <mandatory-flag>false</mandatory-flag>
                <externally-managed-flag>false</externally-managed-flag>
            </attribute-definition>
            <attribute-definition attribute-id="loyaltyCustomerExportComplete">
                <display-name xml:lang="x-default">loyaltyCustomerExportComplete</display-name>
                <type>boolean</type>
                <mandatory-flag>false</mandatory-flag>
                <externally-managed-flag>false</externally-managed-flag>
            </attribute-definition>
            <attribute-definition attribute-id="loyaltyCustomerExportLastId"> 
                <display-name xml:lang="x-default">loyaltyCustomerExportLastId</display-name>
                <type>string</type>
                <localizable-flag>false</localizable-flag>
                <mandatory-flag>false</mandatory-flag>
                <externally-managed-flag>false</externally-managed-flag>
                <min-length>0</min-length>
            </attribute-definition>
            <attribute-definition attribute-id="loyaltyOrderExportComplete">
                <display-name xml:lang="x-default">loyaltyOrderExportComplete</display-name>
                <type>boolean</type>
                <mandatory-flag>false</mandatory-flag>
                <externally-managed-flag>false</externally-managed-flag>
            </attribute-definition>
            <attribute-definition attribute-id="loyaltyOrderExportLastId">
                <display-name xml:lang="x-default">loyaltyOrderExportLastId</display-name>
                <type>string</type>
                <localizable-flag>false</localizable-flag>
                <mandatory-flag>false</mandatory-flag>
                <externally-managed-flag>false</externally-managed-flag>
                <min-length>0</min-length>
            </attribute-definition>
        </attribute-definitions>
        <group-definitions>
            <attribute-group group-id="jobsConfiguration">
                <display-name xml:lang="x-default">Jobs Configuration</display-name>
                <description xml:lang="x-default">This is default group to combine Yotpo Jobs Configuration attributes</description>
                <attribute attribute-id="orderFeedJobLastExecutionDateTime"/>
                <attribute attribute-id="id"/>
                <attribute attribute-id="loyaltyOrderExportLastId"/>
                <attribute attribute-id="loyaltyCustomerExportLastId"/>
                <attribute attribute-id="loyaltyOrderExportComplete"/>
                <attribute attribute-id="loyaltyCustomerExportComplete"/>
            </attribute-group>
        </group-definitions>
    </custom-type>

    <custom-type type-id="yotpoLoyaltyCustomer">
        <description xml:lang="x-default">This Custom Object is the fallback placeholder for holding Customer information that fails to send to Yotpo real-time. These fallback COs will attempt to be sent again later via a Customer Feed job.</description>
        <staging-mode>no-staging</staging-mode>
        <storage-scope>site</storage-scope>
        <retention-days>30</retention-days>
        <key-definition attribute-id="ID">
            <display-name xml:lang="x-default">ID</display-name>
            <description xml:lang="x-default">Unique ID</description>
            <type>string</type>
            <min-length>0</min-length>
        </key-definition>
        <attribute-definitions>
            <attribute-definition attribute-id="CustomerID">
                <display-name xml:lang="x-default">Customer ID</display-name>
                <type>string</type>
                <localizable-flag>false</localizable-flag>
                <mandatory-flag>false</mandatory-flag>
                <externally-managed-flag>false</externally-managed-flag>
                <min-length>0</min-length>
            </attribute-definition>
            <attribute-definition attribute-id="Payload">
                <display-name xml:lang="x-default">Payload</display-name>
                <description xml:lang="x-default">JSON blob representing Yotpo Customer object</description>
                <type>text</type>
                <localizable-flag>false</localizable-flag>
                <mandatory-flag>false</mandatory-flag>
                <externally-managed-flag>false</externally-managed-flag>
            </attribute-definition>
            <attribute-definition attribute-id="PayloadDeliveryDate">
                <display-name xml:lang="x-default">PayloadDeliveryDate</display-name>
                <description xml:lang="x-default">Date payload delivered to Yotpo API successfully</description>
                <type>datetime</type>
                <localizable-flag>false</localizable-flag>
                <mandatory-flag>false</mandatory-flag>
                <externally-managed-flag>false</externally-managed-flag>
            </attribute-definition>
            <attribute-definition attribute-id="Status">
                <display-name xml:lang="x-default">Status</display-name>
                <description xml:lang="x-default">QUEUED, SUCCESS, FAIL</description>
                <type>enum-of-string</type>
                <localizable-flag>false</localizable-flag>
                <mandatory-flag>false</mandatory-flag>
                <externally-managed-flag>false</externally-managed-flag>
                <value-definitions>
                    <value-definition default="true">
                        <display xml:lang="x-default">QUEUED</display>
                        <value>QUEUED</value>
                    </value-definition>
                    <value-definition>
                        <display xml:lang="x-default">SUCCESS</display>
                        <value>SUCCESS</value>
                    </value-definition>
                    <value-definition>
                        <display xml:lang="x-default">FAIL</display>
                        <value>FAIL</value>
                    </value-definition>
                </value-definitions>
            </attribute-definition>
            <attribute-definition attribute-id="StatusDetails">
                <display-name xml:lang="x-default">StatusDetails</display-name>
                <description xml:lang="x-default">JSON - message to record if a payload send failure happens</description>
                <type>text</type>
                <localizable-flag>false</localizable-flag>
                <mandatory-flag>false</mandatory-flag>
                <externally-managed-flag>false</externally-managed-flag>
            </attribute-definition>
            <attribute-definition attribute-id="locale">
                <display-name xml:lang="x-default">locale</display-name>
                <description xml:lang="x-default">locale</description>
                <type>string</type>
                <localizable-flag>false</localizable-flag>
                <mandatory-flag>false</mandatory-flag>
                <externally-managed-flag>false</externally-managed-flag>
                <min-length>0</min-length>
            </attribute-definition>
        </attribute-definitions>
        <group-definitions>
            <attribute-group group-id="custom">
                <display-name xml:lang="x-default">Custom</display-name>
                <attribute attribute-id="Payload"/>
                <attribute attribute-id="PayloadDeliveryDate"/>
                <attribute attribute-id="lastModified" system="true"/>
                <attribute attribute-id="Status"/>
                <attribute attribute-id="creationDate" system="true"/>
                <attribute attribute-id="ID"/>
                <attribute attribute-id="StatusDetails"/>
                <attribute attribute-id="CustomerID"/>
                <attribute attribute-id="locale"/>
            </attribute-group>
        </group-definitions>
    </custom-type>

    <custom-type type-id="yotpoLoyaltyOrder">
        <description xml:lang="x-default">This Custom Object is the fallback placeholder for holding Order information that fails to send to Yotpo real-time. These fallback COs will attempt to be sent again later via an Order Feed job.</description>
        <staging-mode>no-staging</staging-mode>
        <storage-scope>site</storage-scope>
        <retention-days>30</retention-days>
        <key-definition attribute-id="ID">
            <display-name xml:lang="x-default">ID</display-name>
            <description xml:lang="x-default">Unique ID</description>
            <type>string</type>
            <min-length>0</min-length>
        </key-definition>
        <attribute-definitions>
            <attribute-definition attribute-id="OrderID">
                <display-name xml:lang="x-default">Order ID</display-name>
                <type>string</type>
                <localizable-flag>false</localizable-flag>
                <mandatory-flag>false</mandatory-flag>
                <externally-managed-flag>false</externally-managed-flag>
                <min-length>0</min-length>
            </attribute-definition>
            <attribute-definition attribute-id="Payload">
                <display-name xml:lang="x-default">Payload</display-name>
                <description xml:lang="x-default">JSON blob representing swell order object</description>
                <type>text</type>
                <localizable-flag>false</localizable-flag>
                <mandatory-flag>false</mandatory-flag>
                <externally-managed-flag>false</externally-managed-flag>
            </attribute-definition>
            <attribute-definition attribute-id="PayloadDeliveryDate">
                <display-name xml:lang="x-default">PayloadDeliveryDate</display-name>
                <description xml:lang="x-default">Date payload delivered to Swell API successfully</description>
                <type>datetime</type>
                <localizable-flag>false</localizable-flag>
                <mandatory-flag>false</mandatory-flag>
                <externally-managed-flag>false</externally-managed-flag>
            </attribute-definition>
            <attribute-definition attribute-id="Status">
                <display-name xml:lang="x-default">Status</display-name>
                <description xml:lang="x-default">QUEUED, SUCCESS, FAIL</description>
                <type>enum-of-string</type>
                <localizable-flag>false</localizable-flag>
                <mandatory-flag>false</mandatory-flag>
                <externally-managed-flag>false</externally-managed-flag>
                <value-definitions>
                    <value-definition default="true">
                        <display xml:lang="x-default">QUEUED</display>
                        <value>QUEUED</value>
                    </value-definition>
                    <value-definition>
                        <display xml:lang="x-default">SUCCESS</display>
                        <value>SUCCESS</value>
                    </value-definition>
                    <value-definition>
                        <display xml:lang="x-default">FAIL</display>
                        <value>FAIL</value>
                    </value-definition>
                </value-definitions>
            </attribute-definition>
            <attribute-definition attribute-id="StatusDetails">
                <display-name xml:lang="x-default">StatusDetails</display-name>
                <description xml:lang="x-default">JSON - message to record if a payload send failure happens</description>
                <type>text</type>
                <localizable-flag>false</localizable-flag>
                <mandatory-flag>false</mandatory-flag>
                <externally-managed-flag>false</externally-managed-flag>
            </attribute-definition>
            <attribute-definition attribute-id="locale">
                <display-name xml:lang="x-default">locale</display-name>
                <description xml:lang="x-default">locale</description>
                <type>string</type>
                <localizable-flag>false</localizable-flag>
                <mandatory-flag>false</mandatory-flag>
                <externally-managed-flag>false</externally-managed-flag>
                <min-length>0</min-length>
            </attribute-definition>
        </attribute-definitions>
        <group-definitions>
            <attribute-group group-id="custom">
                <display-name xml:lang="x-default">Custom</display-name>
                <attribute attribute-id="Payload"/>
                <attribute attribute-id="PayloadDeliveryDate"/>
                <attribute attribute-id="lastModified" system="true"/>
                <attribute attribute-id="Status"/>
                <attribute attribute-id="creationDate" system="true"/>
                <attribute attribute-id="ID"/>
                <attribute attribute-id="StatusDetails"/>
                <attribute attribute-id="OrderID"/>
                <attribute attribute-id="locale"/>
            </attribute-group>
        </group-definitions>
    </custom-type>
    
</metadata>
