<?xml version="1.0" encoding="UTF-8"?>
<metadata xmlns="http://www.demandware.com/xml/impex/metadata/2006-10-31">
    <type-extension type-id="GiftCertificate">
         <custom-attribute-definitions>
             <attribute-definition attribute-id="swellPointsUsed">
                 <display-name xml:lang="x-default">Swell Points Used</display-name>
                 <type>int</type>
                 <mandatory-flag>false</mandatory-flag>
                 <externally-managed-flag>false</externally-managed-flag>
             </attribute-definition>
             <attribute-definition attribute-id="swellRedemptionId">
                 <display-name xml:lang="x-default">Swell Redemption Id</display-name>
                 <type>string</type>
                 <mandatory-flag>false</mandatory-flag>
                 <externally-managed-flag>false</externally-managed-flag>
                 <min-length>0</min-length>
             </attribute-definition>
         </custom-attribute-definitions>
     </type-extension>
    
    <type-extension type-id="Order">
        <custom-attribute-definitions>
            <attribute-definition attribute-id="userAgent">
                <display-name xml:lang="x-default">User Agent</display-name>
                <description xml:lang="x-default">This attribute stores the user agent information at the time of order placement.</description>
                <type>string</type>
                <mandatory-flag>false</mandatory-flag>
                <externally-managed-flag>false</externally-managed-flag>
                <min-length>0</min-length>
            </attribute-definition>
            <attribute-definition attribute-id="userIPAddress">
                <display-name xml:lang="x-default">User IP Address</display-name>
                <description xml:lang="x-default">This attribute stores the user IP address information at the time of order placement.</description>
                <type>string</type>
                <mandatory-flag>false</mandatory-flag>
                <externally-managed-flag>false</externally-managed-flag>
                <min-length>0</min-length>
            </attribute-definition>
        </custom-attribute-definitions>
        <group-definitions>
            <attribute-group group-id="YotpoAttributes">
                <display-name xml:lang="x-default">Yotpo Attributes</display-name>
                <attribute attribute-id="userAgent"/>
                <attribute attribute-id="userIPAddress"/>
            </attribute-group>
        </group-definitions>
    </type-extension>
    
    <type-extension type-id="OrderPaymentInstrument">
         <custom-attribute-definitions>
             <attribute-definition attribute-id="swellPointsUsed">
                 <display-name xml:lang="x-default">Swell Points Used</display-name>
                 <type>int</type>
                 <mandatory-flag>false</mandatory-flag>
                 <externally-managed-flag>false</externally-managed-flag>
             </attribute-definition>
             <attribute-definition attribute-id="swellRedemptionId">
                 <display-name xml:lang="x-default">Swell Redemption Id</display-name>
                 <type>string</type>
                 <mandatory-flag>false</mandatory-flag>
                 <externally-managed-flag>false</externally-managed-flag>
                 <min-length>0</min-length>
             </attribute-definition>
         </custom-attribute-definitions>
     </type-extension>
    
    <type-extension type-id="PriceAdjustment">
        <custom-attribute-definitions>
            <attribute-definition attribute-id="swellPointsUsed">
                <display-name xml:lang="x-default">Swell Points Used</display-name>
                <type>int</type>
                <mandatory-flag>false</mandatory-flag>
                <externally-managed-flag>false</externally-managed-flag>
            </attribute-definition>
            <attribute-definition attribute-id="swellRedemptionId">
                <display-name xml:lang="x-default">Swell Redemption Id</display-name>
                <type>string</type>
                <mandatory-flag>false</mandatory-flag>
                <externally-managed-flag>false</externally-managed-flag>
                <min-length>0</min-length>
            </attribute-definition>
        </custom-attribute-definitions>
    </type-extension>

    <type-extension type-id="ProductLineItem">
        <custom-attribute-definitions>
            <attribute-definition attribute-id="swellPointsUsed">
                <display-name xml:lang="x-default">Swell Points Used</display-name>
                <type>int</type>
                <mandatory-flag>false</mandatory-flag>
                <externally-managed-flag>false</externally-managed-flag>
            </attribute-definition>
            <attribute-definition attribute-id="swellRedemptionId">
                <display-name xml:lang="x-default">Swell Redemption Id</display-name>
                <type>string</type>
                <mandatory-flag>false</mandatory-flag>
                <externally-managed-flag>false</externally-managed-flag>
                <min-length>0</min-length>
            </attribute-definition>
        </custom-attribute-definitions>
    </type-extension>
    
    <type-extension type-id="Profile">
        <custom-attribute-definitions>
            <attribute-definition attribute-id="isLoyaltyProgramInitialized">
                <display-name xml:lang="x-default">IsLoyaltyProgramInitialized</display-name>
                <description xml:lang="x-default">If checked, indicates that an associated loyalty account has been established with the loyalty account provider.</description>
                <type>boolean</type>
                <mandatory-flag>false</mandatory-flag>
                <externally-managed-flag>false</externally-managed-flag>
            </attribute-definition>
            <attribute-definition attribute-id="yotpoLoyaltyTier">
                <display-name xml:lang="x-default">Yotpo Loyalty Tier</display-name>
                <description xml:lang="x-default">The VIP tiers the customer belongs to based on criteria found in Yotpo Loyalty Admin (may be accessed via swellAPI.getVipTiers()).</description>
                <type>string</type>
                <mandatory-flag>false</mandatory-flag>
                <externally-managed-flag>false</externally-managed-flag>
                <min-length>0</min-length>
            </attribute-definition>
        </custom-attribute-definitions>
        <group-definitions>
            <attribute-group group-id="Loyalty">
                <display-name xml:lang="x-default">Loyalty</display-name>
                <attribute attribute-id="isLoyaltyProgramInitialized"/>
                <attribute attribute-id="yotpoLoyaltyTier"/>
            </attribute-group>
        </group-definitions>
    </type-extension>

    <type-extension type-id="SitePreferences">
        <custom-attribute-definitions>
            <attribute-definition attribute-id="yotpoExportGroupIdInOrder">
                <display-name xml:lang="x-default">Yotpo Export Group Id In Order</display-name>
                <description xml:lang="x-default">This yotpo site preference is used to make the logic configurable that whether the master product will be exported in JSON or not.</description>
                <type>boolean</type>
                <mandatory-flag>false</mandatory-flag>
                <externally-managed-flag>false</externally-managed-flag>
                <default-value>true</default-value>
            </attribute-definition>
            <attribute-definition attribute-id="yotpoProductInformationFromMaster">
                <display-name xml:lang="x-default">Yotpo Product Information From Master</display-name>
                <description xml:lang="x-default">This yotpo site preference is used to make production information configurable whether the information will be exported from master or from variants,</description>
                <type>boolean</type>
                <mandatory-flag>false</mandatory-flag>
                <externally-managed-flag>false</externally-managed-flag>
                <default-value>true</default-value>
            </attribute-definition>
            <attribute-definition attribute-id="yotpoCartridgeEnabled">
                <display-name xml:lang="x-default">Yotpo Cartridge Enabled</display-name>
                <description xml:lang="x-default">This enable/disable Yotpo cartridge.</description>
                <type>boolean</type>
                <mandatory-flag>false</mandatory-flag>
                <externally-managed-flag>false</externally-managed-flag>
                <default-value>true</default-value>
            </attribute-definition>
            <attribute-definition attribute-id="yotpoConversionTrackingPixelURL">
                <display-name xml:lang="x-default">Yotpo Conversion Tracking Pixel URL</display-name>
                <description xml:lang="x-default">This is the URL of the conversion tracking pixel.</description>
                <type>string</type>
                <mandatory-flag>false</mandatory-flag>
                <externally-managed-flag>false</externally-managed-flag>
                <min-length>0</min-length>
                <default-value>https://api.yotpo.com/conversion_tracking.gif</default-value>
            </attribute-definition>
            <attribute-definition attribute-id="yotpoDebugLogEnabled">
                <display-name xml:lang="x-default">Yotpo Debug Log Enabled</display-name>
                <description xml:lang="x-default">The flag controls the debug log level in whole Yotpo cartridge</description>
                <type>boolean</type>
                <mandatory-flag>false</mandatory-flag>
                <externally-managed-flag>false</externally-managed-flag>
                <default-value>false</default-value>
            </attribute-definition>
            <attribute-definition attribute-id="yotpoInfoLogEnabled">
                <display-name xml:lang="x-default">Yotpo Info Log Enabled</display-name>
                <description xml:lang="x-default">This preference is used to control info level log messages in Yotpo cartridge.</description>
                <type>boolean</type>
                <mandatory-flag>false</mandatory-flag>
                <externally-managed-flag>false</externally-managed-flag>
                <default-value>true</default-value>
            </attribute-definition>
            <attribute-definition attribute-id="yotpoOrdersBatchSize">
                <display-name xml:lang="x-default">Yotpo Orders Batch Size</display-name>
                <description xml:lang="x-default">This attributes contains batch size for number of orders that should be processed at one time, while exporting purchase feed.</description>
                <type>int</type>
                <mandatory-flag>false</mandatory-flag>
                <externally-managed-flag>false</externally-managed-flag>
                <default-value>100</default-value>
            </attribute-definition>
            <attribute-definition attribute-id="yotpoStaticContentURL">
                <display-name xml:lang="x-default">Yotpo Static Content URL</display-name>
                <description xml:lang="x-default">This is the base URL to load static content from Yotpo</description>
                <type>string</type>
                <mandatory-flag>false</mandatory-flag>
                <externally-managed-flag>false</externally-managed-flag>
                <min-length>0</min-length>
                <default-value>https://staticw2.yotpo.com/</default-value>
            </attribute-definition>
            <attribute-definition attribute-id="yotpoLoyaltySDKURL">
                <display-name xml:lang="x-default">Yotpo Loyalty SDK URL</display-name>
                <description xml:lang="x-default">This is the base URL for the js used to load the SDK for Yotpo Loyalty</description>
                <type>string</type>
                <mandatory-flag>false</mandatory-flag>
                <externally-managed-flag>false</externally-managed-flag>
                <min-length>0</min-length>
            </attribute-definition>
            <attribute-definition attribute-id="yotpoLoyaltyStaticContentURL">
                <display-name xml:lang="x-default">Yotpo Loyalty Static Content URL</display-name>
                <description xml:lang="x-default">This is the base URL for the js used to load static content/widgets for Yotpo Loyalty</description>
                <type>string</type>
                <mandatory-flag>false</mandatory-flag>
                <externally-managed-flag>false</externally-managed-flag>
                <min-length>0</min-length>
            </attribute-definition>
            <attribute-definition attribute-id="yotpoLoyaltyEnabled">
                <display-name xml:lang="x-default">Yotpo Loyalty Enabled</display-name>
                <description xml:lang="x-default">This enable/disable Yotpo loyalty functionality.</description>
                <type>boolean</type>
                <mandatory-flag>false</mandatory-flag>
                <externally-managed-flag>false</externally-managed-flag>
                <default-value>true</default-value>
            </attribute-definition>
            <attribute-definition attribute-id="yotpoLoyaltyAPIKey">
                <display-name xml:lang="x-default">Yotpo Loyalty API Key</display-name>
                <description xml:lang="x-default">Site default Loyalty API Key used if no overrides exist in custom objects.</description>
                <type>string</type>
                <mandatory-flag>false</mandatory-flag>
                <externally-managed-flag>false</externally-managed-flag>
                <min-length>0</min-length>
            </attribute-definition>
            <attribute-definition attribute-id="yotpoLoyaltyGUID">
                <display-name xml:lang="x-default">Yotpo Loyalty GUID</display-name>
                <description xml:lang="x-default">Site default Loyalty GUID used if no overrides exist in custom objects.</description>
                <type>string</type>
                <mandatory-flag>false</mandatory-flag>
                <externally-managed-flag>false</externally-managed-flag>
                <min-length>0</min-length>
            </attribute-definition>
            <attribute-definition attribute-id="yotpoLoyaltyEnableOrderFeed">
                <display-name xml:lang="x-default">Yotpo Loyalty Order Feed Enabled</display-name>
                <description xml:lang="x-default">Enable sending order information to Yotpo Loyalty</description>
                <type>boolean</type>
                <mandatory-flag>false</mandatory-flag>
                <externally-managed-flag>false</externally-managed-flag>
                <default-value>true</default-value>
            </attribute-definition>
            <attribute-definition attribute-id="yotpoLoyaltyCheckoutInstanceID">
                <display-name xml:lang="x-default">Yotpo Loyalty Checkout Module Instance ID</display-name>
                <description xml:lang="x-default">The instance ID of the redemption widget to be included as part of the checkout. The &lt;ID&gt; in this example: &lt;div class="yotpo-widget-instance" data-yotpo-instance-id="&lt;ID&gt;"&gt;&lt;/div&gt;</description>
                <type>string</type>
                <mandatory-flag>false</mandatory-flag>
                <externally-managed-flag>false</externally-managed-flag>
                <min-length>0</min-length>
            </attribute-definition>
            <attribute-definition attribute-id="yotpoLoyaltyEnableCustomerFeed">
                <display-name xml:lang="x-default">Yotpo Loyalty Customer Feed Enabled</display-name>
                <description xml:lang="x-default">Enable sending customer information to Yotpo Loyalty</description>
                <type>boolean</type>
                <mandatory-flag>false</mandatory-flag>
                <externally-managed-flag>false</externally-managed-flag>
                <default-value>true</default-value>
            </attribute-definition>
        </custom-attribute-definitions>
        <group-definitions>
            <attribute-group group-id="Yotpo Configs">
                <display-name xml:lang="x-default">Yotpo Configurations</display-name>
                <attribute attribute-id="yotpoCartridgeEnabled"/>
                <attribute attribute-id="yotpoStaticContentURL"/>
                <attribute attribute-id="yotpoLoyaltySDKURL"/>
                <attribute attribute-id="yotpoLoyaltyStaticContentURL"/>
                <attribute attribute-id="yotpoConversionTrackingPixelURL"/>
                <attribute attribute-id="yotpoProductInformationFromMaster"/>
                <attribute attribute-id="yotpoExportGroupIdInOrder"/>
                <attribute attribute-id="yotpoOrdersBatchSize"/>
                <attribute attribute-id="yotpoInfoLogEnabled"/>
                <attribute attribute-id="yotpoDebugLogEnabled"/>
                <attribute attribute-id="yotpoLoyaltyEnabled"/>
                <attribute attribute-id="yotpoLoyaltyAPIKey"/>
                <attribute attribute-id="yotpoLoyaltyGUID"/>
                <attribute attribute-id="yotpoLoyaltyEnableOrderFeed"/>
                <attribute attribute-id="yotpoLoyaltyEnableCustomerFeed"/>
                <attribute attribute-id="yotpoLoyaltyCheckoutInstanceID"/>
            </attribute-group>
        </group-definitions>
    </type-extension>
</metadata>
