{
  "_v":"20.4",
  "clients":
  [
    {
      "client_id":"aaaaaaaaaaaaaaaaaaaaaaaaaaaaaa",
      "allowed_origins":["https://app.swellrewards.com","https://loyalty.yotpo.com"],
      "resources":
      [
        {
          "resource_id":"/baskets",
          "methods":["post"],
          "read_attributes":"(**)",
          "write_attributes":"(**)"
        },
        {
          "resource_id":"/baskets/*",
          "methods":["get","patch","delete"],
          "read_attributes":"(**)",
          "write_attributes":"(**)"
        },
        {
          "resource_id":"/baskets/*/coupons",
          "methods":["post"],
          "read_attributes":"(**)",
          "write_attributes":"(**)"
        },
       {
          "resource_id":"/baskets/*/customer",
          "methods":["put"],
          "read_attributes":"(**)",
          "write_attributes":"(**)"
        },
       {
          "resource_id":"/baskets/*/storefront",
          "methods":["put"],
          "read_attributes":"(**)",
          "write_attributes":"(**)"
        },
        {
          "resource_id":"/baskets/*/items",
          "methods":["post"],
          "read_attributes":"(**)",
          "write_attributes":"(**)"
        },
        {
          "resource_id":"/baskets/*/items/*",
          "methods":["patch","delete"],
          "read_attributes":"(**)",
          "write_attributes":"(**)"
        },
        {
          "resource_id":"/baskets/*/price_adjustments",
          "methods":["post"],
          "read_attributes":"(**)",
          "write_attributes":"(**)"
        },
        {
          "resource_id":"/baskets/*/price_adjustments/*",
          "methods":["delete"],
          "read_attributes":"(**)",
          "write_attributes":"(**)"
        },
        {
          "resource_id":"/site",
          "methods":["get"],
          "read_attributes":"(**)",
          "write_attributes":"(**)"
        },
        {
          "resource_id":"/customers/*",
          "methods":["get","patch"],
          "read_attributes":"(**)",
          "write_attributes":"(**)"
        },
        {
          "resource_id":"/baskets/*/payment_instruments",
          "methods":["post"],
          "read_attributes":"(**)",
          "write_attributes":"(**)"
        },
        {
          "resource_id":"/baskets/*/payment_instruments/*",
          "methods":["patch","delete"],
          "read_attributes":"(**)",
          "write_attributes":"(**)"
        },
        {
          "resource_id":"/price_adjustment_limits",
          "methods":["get"],
          "read_attributes":"(**)",
          "write_attributes":"(**)"
        }
      ]
    }
  ]
}
